{"cameraMode":{"drawMode":0,"name":"Shaded","section":"Shading Mode"},"sceneLighting":true,"audioPlay":false,"sceneViewState":{"m_AlwaysRefresh":false,"showFog":true,"showSkybox":true,"showFlares":true,"showImageEffects":true,"showParticleSystems":true,"showVisualEffectGraphs":true,"m_FxEnabled":true},"in2DMode":false,"pivot":{"x":-2.1905078887939455,"y":-2.7656116485595705,"z":1.4807047843933106},"rotation":{"x":-0.21616938710212708,"y":0.7761001586914063,"z":-0.47636500000953677,"w":-0.35218504071235659},"size":7.723118782043457,"orthographic":false}